-- phpMyAdmin SQL Dump
-- version 5.1.1
-- https://www.phpmyadmin.net/
--
-- Host: 127.0.0.1
-- Generation Time: Mar 30, 2022 at 04:38 PM
-- Server version: 10.4.20-MariaDB
-- PHP Version: 8.0.9

SET SQL_MODE = "NO_AUTO_VALUE_ON_ZERO";
START TRANSACTION;
SET time_zone = "+00:00";


/*!40101 SET @OLD_CHARACTER_SET_CLIENT=@@CHARACTER_SET_CLIENT */;
/*!40101 SET @OLD_CHARACTER_SET_RESULTS=@@CHARACTER_SET_RESULTS */;
/*!40101 SET @OLD_COLLATION_CONNECTION=@@COLLATION_CONNECTION */;
/*!40101 SET NAMES utf8mb4 */;

--
-- Database: `restaurant_ci`
--

-- --------------------------------------------------------

--
-- Table structure for table `category`
--

CREATE TABLE `category` (
  `id` int(11) NOT NULL,
  `name` varchar(255) NOT NULL,
  `active` int(11) NOT NULL
) ENGINE=InnoDB DEFAULT CHARSET=utf8;

--
-- Dumping data for table `category`
--

INSERT INTO `category` (`id`, `name`, `active`) VALUES
(7, 'Wraps', 1),
(11, 'Sides', 1),
(13, 'Pizza', 1),
(17, 'Tacos', 1);

-- --------------------------------------------------------

--
-- Table structure for table `company`
--

CREATE TABLE `company` (
  `id` int(11) NOT NULL,
  `company_name` varchar(255) NOT NULL,
  `service_charge_value` varchar(255) NOT NULL,
  `vat_charge_value` varchar(255) NOT NULL,
  `address` varchar(255) NOT NULL,
  `phone` varchar(255) NOT NULL,
  `country` varchar(255) NOT NULL,
  `message` text NOT NULL,
  `currency` varchar(255) NOT NULL
) ENGINE=InnoDB DEFAULT CHARSET=utf8;

--
-- Dumping data for table `company`
--

INSERT INTO `company` (`id`, `company_name`, `service_charge_value`, `vat_charge_value`, `address`, `phone`, `country`, `message`, `currency`) VALUES
(1, 'Shnack', '1', '6', 'Podium Penchala', '0382018931', 'Malaysia', 'Shnack Podium restaurant management system', 'MYR');

-- --------------------------------------------------------

--
-- Table structure for table `groups`
--

CREATE TABLE `groups` (
  `id` int(11) NOT NULL,
  `group_name` varchar(255) NOT NULL,
  `permission` text NOT NULL
) ENGINE=InnoDB DEFAULT CHARSET=utf8;

--
-- Dumping data for table `groups`
--

INSERT INTO `groups` (`id`, `group_name`, `permission`) VALUES
(1, 'Super Administrator', 'a:32:{i:0;s:10:\"createUser\";i:1;s:10:\"updateUser\";i:2;s:8:\"viewUser\";i:3;s:10:\"deleteUser\";i:4;s:11:\"createGroup\";i:5;s:11:\"updateGroup\";i:6;s:9:\"viewGroup\";i:7;s:11:\"deleteGroup\";i:8;s:11:\"createStore\";i:9;s:11:\"updateStore\";i:10;s:9:\"viewStore\";i:11;s:11:\"deleteStore\";i:12;s:11:\"createTable\";i:13;s:11:\"updateTable\";i:14;s:9:\"viewTable\";i:15;s:11:\"deleteTable\";i:16;s:14:\"createCategory\";i:17;s:14:\"updateCategory\";i:18;s:12:\"viewCategory\";i:19;s:14:\"deleteCategory\";i:20;s:13:\"createProduct\";i:21;s:13:\"updateProduct\";i:22;s:11:\"viewProduct\";i:23;s:13:\"deleteProduct\";i:24;s:11:\"createOrder\";i:25;s:11:\"updateOrder\";i:26;s:9:\"viewOrder\";i:27;s:11:\"deleteOrder\";i:28;s:10:\"viewReport\";i:29;s:13:\"updateCompany\";i:30;s:11:\"viewProfile\";i:31;s:13:\"updateSetting\";}'),
(5, 'Staff', 'a:6:{i:0;s:9:\"viewTable\";i:1;s:11:\"viewProduct\";i:2;s:11:\"createOrder\";i:3;s:11:\"updateOrder\";i:4;s:9:\"viewOrder\";i:5;s:11:\"viewProfile\";}'),
(6, 'Manager', 'a:19:{i:0;s:8:\"viewUser\";i:1;s:11:\"createGroup\";i:2;s:11:\"updateGroup\";i:3;s:9:\"viewGroup\";i:4;s:11:\"deleteGroup\";i:5;s:9:\"viewStore\";i:6;s:11:\"createTable\";i:7;s:11:\"updateTable\";i:8;s:9:\"viewTable\";i:9;s:11:\"deleteTable\";i:10;s:14:\"updateCategory\";i:11;s:13:\"createProduct\";i:12;s:13:\"updateProduct\";i:13;s:11:\"viewProduct\";i:14;s:13:\"deleteProduct\";i:15;s:9:\"viewOrder\";i:16;s:11:\"deleteOrder\";i:17;s:10:\"viewReport\";i:18;s:11:\"viewProfile\";}'),
(7, 'Cashier', 'a:8:{i:0;s:8:\"viewUser\";i:1;s:11:\"createOrder\";i:2;s:11:\"updateOrder\";i:3;s:9:\"viewOrder\";i:4;s:11:\"deleteOrder\";i:5;s:10:\"viewReport\";i:6;s:11:\"viewProfile\";i:7;s:13:\"updateSetting\";}');

-- --------------------------------------------------------

--
-- Table structure for table `orders`
--

CREATE TABLE `orders` (
  `id` int(11) NOT NULL,
  `bill_no` varchar(255) NOT NULL,
  `date_time` varchar(255) NOT NULL,
  `gross_amount` varchar(255) NOT NULL,
  `service_charge_rate` varchar(255) NOT NULL,
  `service_charge_amount` varchar(255) NOT NULL,
  `vat_charge_rate` varchar(255) NOT NULL,
  `vat_charge_amount` varchar(255) NOT NULL,
  `discount` varchar(255) NOT NULL,
  `net_amount` varchar(255) NOT NULL,
  `user_id` int(11) NOT NULL,
  `table_id` int(11) NOT NULL,
  `paid_status` int(11) NOT NULL,
  `store_id` int(11) NOT NULL
) ENGINE=InnoDB DEFAULT CHARSET=utf8;

--
-- Dumping data for table `orders`
--

INSERT INTO `orders` (`id`, `bill_no`, `date_time`, `gross_amount`, `service_charge_rate`, `service_charge_amount`, `vat_charge_rate`, `vat_charge_amount`, `discount`, `net_amount`, `user_id`, `table_id`, `paid_status`, `store_id`) VALUES
(10, 'CDSTRO-46C4', '1647980594', '15.00', '1', '0.15', '6', '0.90', '', '16.05', 1, 39, 1, 0),
(11, 'CDSTRO-99AB', '1647986719', '15.00', '1', '0.15', '6', '0.90', '', '16.05', 1, 40, 1, 0),
(12, 'CDSTRO-B789', '1647987342', '75.00', '1', '0.75', '6', '4.50', '', '80.25', 1, 39, 1, 0),
(13, 'CDSTRO-0B60', '1647994859', '15.00', '1', '0.15', '6', '0.90', '', '16.05', 1, 39, 2, 0),
(14, 'CDSTRO-1627', '1648008867', '60.00', '1', '0.60', '6', '3.60', '', '64.20', 1, 42, 1, 0);

-- --------------------------------------------------------

--
-- Table structure for table `order_items`
--

CREATE TABLE `order_items` (
  `id` int(11) NOT NULL,
  `order_id` int(11) NOT NULL,
  `product_id` int(11) NOT NULL,
  `qty` varchar(255) NOT NULL,
  `rate` varchar(255) NOT NULL,
  `amount` varchar(255) NOT NULL
) ENGINE=InnoDB DEFAULT CHARSET=utf8;

--
-- Dumping data for table `order_items`
--

INSERT INTO `order_items` (`id`, `order_id`, `product_id`, `qty`, `rate`, `amount`) VALUES
(49, 10, 26, '1', '15', '15.00'),
(51, 11, 31, '1', '15', '15.00'),
(54, 12, 28, '2', '30', '60.00'),
(55, 12, 27, '1', '15', '15.00'),
(56, 13, 27, '1', '15', '15.00'),
(59, 14, 32, '1', '30', '30.00'),
(60, 14, 31, '2', '15', '30.00');

-- --------------------------------------------------------

--
-- Table structure for table `products`
--

CREATE TABLE `products` (
  `id` int(11) NOT NULL,
  `category_id` text NOT NULL,
  `store_id` text NOT NULL,
  `name` varchar(255) NOT NULL,
  `price` varchar(255) NOT NULL,
  `description` text NOT NULL,
  `image` text NOT NULL,
  `active` int(11) NOT NULL
) ENGINE=InnoDB DEFAULT CHARSET=utf8;

--
-- Dumping data for table `products`
--

INSERT INTO `products` (`id`, `category_id`, `store_id`, `name`, `price`, `description`, `image`, `active`) VALUES
(26, '[\"11\"]', '[\"17\"]', 'Takoyaki', '15', '', '<p>The upload path does not appear to be valid.</p>', 1),
(27, '[\"17\"]', '[\"17\"]', 'Tacos Beef', '15', '<p>5 beef taco served with special sauce</p>', '<p>The upload path does not appear to be valid.</p>', 1),
(28, '[\"13\"]', '[\"17\"]', 'Beef Pepperoni', '30', '<p>8 slices of beef pepperoni with hand toast crust.</p>', '<p>The upload path does not appear to be valid.</p>', 1),
(31, '[\"17\"]', '[\"17\"]', 'Tacos Chicken', '15', '<p>5 pieces of chicken tacos served with special sauce</p>', '<p>The upload path does not appear to be valid.</p>', 1),
(32, '[\"13\"]', '[\"17\"]', 'Hawaiian Chicken Pizza', '30', '<p>A tasteful pizza&nbsp;</p>', '<p>The upload path does not appear to be valid.</p>', 1),
(33, '[\"7\"]', '[\"17\"]', 'shawarma', '15', '<p>beef shawarma</p>', '<p>The upload path does not appear to be valid.</p>', 1);

-- --------------------------------------------------------

--
-- Table structure for table `stores`
--

CREATE TABLE `stores` (
  `id` int(11) NOT NULL,
  `name` varchar(255) NOT NULL,
  `active` int(11) NOT NULL
) ENGINE=InnoDB DEFAULT CHARSET=utf8;

--
-- Dumping data for table `stores`
--

INSERT INTO `stores` (`id`, `name`, `active`) VALUES
(17, 'Shnack Podium', 1);

-- --------------------------------------------------------

--
-- Table structure for table `tables`
--

CREATE TABLE `tables` (
  `id` int(11) NOT NULL,
  `table_name` varchar(255) NOT NULL,
  `capacity` varchar(255) NOT NULL,
  `available` int(11) NOT NULL,
  `active` int(11) NOT NULL,
  `store_id` int(11) NOT NULL
) ENGINE=InnoDB DEFAULT CHARSET=utf8;

--
-- Dumping data for table `tables`
--

INSERT INTO `tables` (`id`, `table_name`, `capacity`, `available`, `active`, `store_id`) VALUES
(39, 'S2', '4', 2, 1, 17),
(40, 'S3', '4', 1, 1, 17),
(41, 'S4', '2', 1, 1, 17),
(42, 'S5', '4', 1, 1, 17),
(44, 'S6', '4', 1, 1, 17),
(45, 'S7', '4', 1, 1, 17),
(46, 'S8', '2', 1, 1, 17),
(47, 'S9', '2', 1, 1, 17),
(48, 'S10', '4', 1, 1, 17),
(49, 's11', '4', 1, 1, 17);

-- --------------------------------------------------------

--
-- Table structure for table `users`
--

CREATE TABLE `users` (
  `id` int(11) NOT NULL,
  `username` varchar(255) NOT NULL,
  `password` varchar(255) NOT NULL,
  `email` varchar(255) NOT NULL,
  `firstname` varchar(255) NOT NULL,
  `lastname` varchar(255) NOT NULL,
  `phone` varchar(255) NOT NULL,
  `gender` int(11) NOT NULL,
  `store_id` int(11) NOT NULL
) ENGINE=InnoDB DEFAULT CHARSET=utf8;

--
-- Dumping data for table `users`
--

INSERT INTO `users` (`id`, `username`, `password`, `email`, `firstname`, `lastname`, `phone`, `gender`, `store_id`) VALUES
(1, 'admin', '$2y$10$7HpMJOYDc7QyaRfJX5exJuQSi2U/fB7qgRLACu.1TMg7snJNf7Mim', 'admin@gmail.com', 'irsyad', 'izzuddin', '0138169811', 1, 0),
(6, 'chicha', '$2y$10$F0vsgQhAsV3oTIgvhU7zmeR8aN5UtLajnleW49T6HQaenvqgQZdYK', 'chicha@gmail.com', 'chicha', 'lulu', '0192187743', 1, 17);

-- --------------------------------------------------------

--
-- Table structure for table `user_group`
--

CREATE TABLE `user_group` (
  `id` int(11) NOT NULL,
  `user_id` int(11) NOT NULL,
  `group_id` int(11) NOT NULL
) ENGINE=InnoDB DEFAULT CHARSET=utf8;

--
-- Dumping data for table `user_group`
--

INSERT INTO `user_group` (`id`, `user_id`, `group_id`) VALUES
(1, 1, 1),
(2, 2, 4),
(3, 3, 4),
(4, 4, 6),
(5, 5, 7),
(6, 6, 7);

--
-- Indexes for dumped tables
--

--
-- Indexes for table `category`
--
ALTER TABLE `category`
  ADD PRIMARY KEY (`id`);

--
-- Indexes for table `company`
--
ALTER TABLE `company`
  ADD PRIMARY KEY (`id`);

--
-- Indexes for table `groups`
--
ALTER TABLE `groups`
  ADD PRIMARY KEY (`id`);

--
-- Indexes for table `orders`
--
ALTER TABLE `orders`
  ADD PRIMARY KEY (`id`);

--
-- Indexes for table `order_items`
--
ALTER TABLE `order_items`
  ADD PRIMARY KEY (`id`);

--
-- Indexes for table `products`
--
ALTER TABLE `products`
  ADD PRIMARY KEY (`id`);

--
-- Indexes for table `stores`
--
ALTER TABLE `stores`
  ADD PRIMARY KEY (`id`);

--
-- Indexes for table `tables`
--
ALTER TABLE `tables`
  ADD PRIMARY KEY (`id`);

--
-- Indexes for table `users`
--
ALTER TABLE `users`
  ADD PRIMARY KEY (`id`);

--
-- Indexes for table `user_group`
--
ALTER TABLE `user_group`
  ADD PRIMARY KEY (`id`);

--
-- AUTO_INCREMENT for dumped tables
--

--
-- AUTO_INCREMENT for table `category`
--
ALTER TABLE `category`
  MODIFY `id` int(11) NOT NULL AUTO_INCREMENT, AUTO_INCREMENT=18;

--
-- AUTO_INCREMENT for table `company`
--
ALTER TABLE `company`
  MODIFY `id` int(11) NOT NULL AUTO_INCREMENT, AUTO_INCREMENT=2;

--
-- AUTO_INCREMENT for table `groups`
--
ALTER TABLE `groups`
  MODIFY `id` int(11) NOT NULL AUTO_INCREMENT, AUTO_INCREMENT=8;

--
-- AUTO_INCREMENT for table `orders`
--
ALTER TABLE `orders`
  MODIFY `id` int(11) NOT NULL AUTO_INCREMENT, AUTO_INCREMENT=15;

--
-- AUTO_INCREMENT for table `order_items`
--
ALTER TABLE `order_items`
  MODIFY `id` int(11) NOT NULL AUTO_INCREMENT, AUTO_INCREMENT=61;

--
-- AUTO_INCREMENT for table `products`
--
ALTER TABLE `products`
  MODIFY `id` int(11) NOT NULL AUTO_INCREMENT, AUTO_INCREMENT=34;

--
-- AUTO_INCREMENT for table `stores`
--
ALTER TABLE `stores`
  MODIFY `id` int(11) NOT NULL AUTO_INCREMENT, AUTO_INCREMENT=18;

--
-- AUTO_INCREMENT for table `tables`
--
ALTER TABLE `tables`
  MODIFY `id` int(11) NOT NULL AUTO_INCREMENT, AUTO_INCREMENT=50;

--
-- AUTO_INCREMENT for table `users`
--
ALTER TABLE `users`
  MODIFY `id` int(11) NOT NULL AUTO_INCREMENT, AUTO_INCREMENT=7;

--
-- AUTO_INCREMENT for table `user_group`
--
ALTER TABLE `user_group`
  MODIFY `id` int(11) NOT NULL AUTO_INCREMENT, AUTO_INCREMENT=7;
COMMIT;

/*!40101 SET CHARACTER_SET_CLIENT=@OLD_CHARACTER_SET_CLIENT */;
/*!40101 SET CHARACTER_SET_RESULTS=@OLD_CHARACTER_SET_RESULTS */;
/*!40101 SET COLLATION_CONNECTION=@OLD_COLLATION_CONNECTION */;
